POLICY|EFFDTE|EXPDTE|EDSDTE|TRDATE|TRTIME|COVERG|COVRG|CO|POLTRM|TRANS|RATEID|RCDTYP|PRMSTE|TRANSACTION_DS|INTCOV|CLASX|ASLOB|SUBLN|CONTROLLING_STATE_CD|CANCEL_TYPE_CD|DATA_SOURCE|OPS|STATS1|ETL_CREATED_DT|ETL_UPDATED_DT|ETL_BATCH_ID|PRVD_ID|PRVD_AGENT|RNWL_PRVD_ID|RNWL_AGENT|TAXTER|POLTYP|LIMITS|CONSTR|FIRPRT|INSZIP|CONYR|SPRINK|LOCNUM|BLDNUM|PREMP|PREMO|CONLIM|DEDUCT|DEDUSE|CLMDSP|EXPOSE|BURLIN|TERR|DAGGER_BURLIN|CANDTE|CANMTD|ETL_DEDUSEZERODEDUCT|ETL_TRANSACTION_DS|ETL_EC2_BLDNUM|ETL_MIN_LOC|ETL_MIN_BLD|ETL_DOM_RANK|ETL_LINE_DS|ETL_stgrisk_RISK_TYPE_CD|ETL_cov_COVERAGE_CD|ETL_FORM_TYPE_DS|ETL_cov_SOURCE_PARENT_ID_SUB|ETL_COVPATH_RN|ETL_COVPATH_DS|ETL_COVTYPE_RN|ETL_COVTYPE_DS|ETL_TRANSACTION_NB|ETL_COV_STATUS_DS|COVERAGE_TYPE_CD|COMPER|LOCATION_STATUS_CD|RISK_STATUS_CD|OFFSET_PREMO|OFFSET_PREMP|FIELD2|FIELD3|AI_DELETE_ENDORSEMENT_IN|SIC_CD|FLD003|EFFMO|EFFYR|EXPMO|EXPYR|NCLASS|CURRENT_UNAPPLY_TRANSACTION_NB|COVERAGE_ID|CDDESC|LIMCDE|CRIME_ADDITIONAL_OPS_IND|OFFSET_FLAG
CPS0000882|20200320|20210320|20200320|20200217|6242|001|003|0001|12|10| |3|06|New Business|V31|017982|170|335|CT||GIN|I| |02/17/2020 06:24:28|02/17/2020 06:24:28|158651|10.000000000000000|12015|| |  |10|0| | |06101|0|0|001|001|93.000000|93.000000|9|0|2|Y|85000|170|999||0| | |New Business|1.0|001|001|0|OCPLiability|OCPLiability|OCCAGGOCP||Risk|1|LIABILITY COVERAGE WITH RISK|1|OCPLIABILITYPRIMARY|1|Active||20.00|Active|Active|||1|MV||1542|  |3|2020|3|2021| |0||CONSTRUCTION OPERATIONS - NOC|99||
CPS0000882|20200320|20210320|20200320|20200217|6242|001|003|0001|12|10| |3|06|New Business|W04|017982|170|335|CT||GIN|I| |02/17/2020 06:24:28|02/17/2020 06:24:28|158651|10.000000000000000|12015|| |  |10|0| | |06101|0|0|001|001|657.000000|657.000000|9|0|2|Y|85000|170|999||0| | |New Business||001|001|0|OCPLiability||BALTOMINOCP||Line|2|LIABILITY COVERAGE WITHOUT RISK|4|NEW COVERAGE CODE FROM SOURCE|1|Active|Optional|20.00|||||1|MV||1542|  |3|2020|3|2021| |0||  |99||
CPS0000882|20200320|20210320|20200330|20200217|6242|001|003|0001|12|60| |3|06|Endorsement|V31|017982|170|335|CT||GIN|I| |02/17/2020 06:24:28|02/17/2020 06:24:28|158651|10.000000000000000|12015|| |  |10|0| | |06101|0|0|001|001|0.000000|0.000000|9|0|2|Y|85000|170|999||0| | |Endorsement|1.0|001|001|0|OCPLiability|OCPLiability|OCCAGGOCP||Risk|1|LIABILITY COVERAGE WITH RISK|1|OCPLIABILITYPRIMARY|2|Active||20.00|Active|Active|||1|MV||1542|  |3|2020|3|2021| |0||CONSTRUCTION OPERATIONS - NOC|99||
CPS0000882|20200320|20210320|20200330|20200217|6242|001|003|0001|12|60| |3|06|Endorsement|V31|016292|170|335|CT||GIN|I| |02/17/2020 06:24:28|02/17/2020 06:24:28|158651|10.000000000000000|12015|| |  |10|0| | |06101|0|0|002|002|0.000000|0.000000|9|0|2|Y|87430|170|999||0| | |Endorsement|2.0|002|002|0|OCPLiability|OCPLiability|OCCAGGOCP||Risk|1|LIABILITY COVERAGE WITH RISK|1|OCPLIABILITYPRIMARY|2|Active||20.00|Active|Active|95.00|92.00|1|MV||1542|  |3|2020|3|2021| |0||CONSTRUCTION OPERATIONS - OWNER (NOT RAILROADS) - EXCLUDING OPERATIONS ON BOARD SHIPS|99||
CPS0000882|20200320|20210320|20200330|20200217|6242|001|003|0001|12|60| |3|06|Endorsement|W04|017982|170|335|CT||GIN|I| |02/17/2020 06:24:28|02/17/2020 06:24:28|158651|10.000000000000000|12015|| |  |10|0| | |06101|0|0|001|001|0.000000|0.000000|9|0|2|Y|85000|170|999||0| | |Endorsement||001|001|0|OCPLiability||BALTOMINOCP||Line|2|LIABILITY COVERAGE WITHOUT RISK|4|NEW COVERAGE CODE FROM SOURCE|2|Active|Optional|20.00|||-95.00|-92.00|1|MV||1542|  |3|2020|3|2021| |0||  |99||
CPS0000883|20200315|20210315|20200315|20200217|6242|001|003|0001|12|10| |3|54|New Business|V31|016291|170|335|AK||GIN|I| |02/17/2020 06:24:28|02/17/2020 06:24:28|158651|37.000000000000000|21006|| |  |10|0| | |99501|0|0|001|001|7.000000|7.000000|9|0|2|Y|7200|170|999||0| | |New Business|1.0|001|001|0|OCPLiability|OCPLiability|OCCAGGOCP||Risk|1|LIABILITY COVERAGE WITH RISK|1|OCPLIABILITYPRIMARY|1|Active||20.00|Active|Active|||1|MV||1542|  |3|2020|3|2021| |0||CONSTRUCTION OPERATIONS - CONTRACTOR (NOT RAILROADS) - EXCLUDING OPERATIONS ON BOARD SHIPS|99||
CPS0000883|20200315|20210315|20200315|20200217|6242|001|003|0001|12|10| |3|54|New Business|V31|016291|170|335|AK||GIN|I| |02/17/2020 06:24:28|02/17/2020 06:24:28|158651|37.000000000000000|21006|| |  |10|0| | |99501|0|0|002|002|3.000000|3.000000|9|0|2|Y|3000|170|999||0| | |New Business|2.0|002|002|0|OCPLiability|OCPLiability|OCCAGGOCP||Risk|1|LIABILITY COVERAGE WITH RISK|1|OCPLIABILITYPRIMARY|1|Active||20.00|Active|Active|||1|MV||1542|  |3|2020|3|2021| |0||CONSTRUCTION OPERATIONS - CONTRACTOR (NOT RAILROADS) - EXCLUDING OPERATIONS ON BOARD SHIPS|99||
CPS0000883|20200315|20210315|20200315|20200217|6242|001|003|0001|12|10| |3|54|New Business|W04|016291|170|335|AK||GIN|I| |02/17/2020 06:24:28|02/17/2020 06:24:28|158651|37.000000000000000|21006|| |  |10|0| | |99501|0|0|001|001|740.000000|740.000000|9|0|2|Y|7200|170|999||0| | |New Business||001|001|0|OCPLiability||BALTOMINOCP||Line|2|LIABILITY COVERAGE WITHOUT RISK|4|NEW COVERAGE CODE FROM SOURCE|1|Active|Optional|20.00|||||1|MV||1542|  |3|2020|3|2021| |0||  |99||
CPS0000884|20200317|20210317|20200317|20200217|6242|001|003|0001|12|10| |3|49|New Business|V31|016291|170|335|WY||GIN|I| |02/17/2020 06:24:28|02/17/2020 06:24:28|158651|18.000000000000000|03002|| |  |10|0| | |82001|0|0|001|001|2.000000|2.000000|9|0|2|Y|2500|170|999||0| | |New Business|1.0|001|001|0|OCPLiability|OCPLiability|OCCAGGOCP||Risk|1|LIABILITY COVERAGE WITH RISK|1|OCPLIABILITYPRIMARY|1|Active||20.00|Active|Active|||1|MV||1531|  |3|2020|3|2021| |0||CONSTRUCTION OPERATIONS - CONTRACTOR (NOT RAILROADS) - EXCLUDING OPERATIONS ON BOARD SHIPS|99||
CPS0000884|20200317|20210317|20200317|20200217|6242|001|003|0001|12|10| |3|49|New Business|V31|016292|170|335|WY||GIN|I| |02/17/2020 06:24:28|02/17/2020 06:24:28|158651|18.000000000000000|03002|| |  |10|0| | |82001|0|0|001|002|4.000000|4.000000|9|0|2|Y|5000|170|999||0| | |New Business|2.0|001|002|0|OCPLiability|OCPLiability|OCCAGGOCP||Risk|1|LIABILITY COVERAGE WITH RISK|1|OCPLIABILITYPRIMARY|1|Active||20.00|Active|Active|||2|MV||1531|  |3|2020|3|2021| |0||CONSTRUCTION OPERATIONS - OWNER (NOT RAILROADS) - EXCLUDING OPERATIONS ON BOARD SHIPS|99||
CPS0000884|20200317|20210317|20200317|20200217|6242|001|003|0001|12|10| |3|49|New Business|W04|016291|170|335|WY||GIN|I| |02/17/2020 06:24:28|02/17/2020 06:24:28|158651|18.000000000000000|03002|| |  |10|0| | |82001|0|0|001|001|744.000000|744.000000|9|0|2|Y|2500|170|999||0| | |New Business||001|001|0|OCPLiability||BALTOMINOCP||Line|2|LIABILITY COVERAGE WITHOUT RISK|4|NEW COVERAGE CODE FROM SOURCE|1|Active|Optional|20.00|||||1|MV||1531|  |3|2020|3|2021| |0||  |99||
CPS0000885|20200321|20210321|20200321|20200217|6242|001|003|0001|12|10| |3|09|New Business|V31|016292|170|335|FL||GIN|I| |02/17/2020 06:24:28|02/17/2020 06:24:28|158651|81.000000000000000|16003|| |  |10|0| | |32789|0|0|001|002|7.420000|9.000000|9|0|2|Y|8500|170|999||0| | |New Business|2.0|001|002|0|OCPLiability|OCPLiability|OCCAGGOCP||Risk|1|LIABILITY COVERAGE WITH RISK|1|OCPLIABILITYPRIMARY|1|Active||20.00|Active|Active|||2|MV||1531|  |3|2020|3|2021| |0||CONSTRUCTION OPERATIONS - OWNER (NOT RAILROADS) - EXCLUDING OPERATIONS ON BOARD SHIPS|99||
CPS0000885|20200321|20210321|20200321|20200217|6242|001|003|0001|12|10| |3|09|New Business|V31|016291|170|335|FL||GIN|I| |02/17/2020 06:24:28|02/17/2020 06:24:28|158651|81.000000000000000|16003|| |  |10|0| | |32789|0|0|001|001|2.470000|3.000000|9|0|2|Y|2900|170|999||0| | |New Business|1.0|001|001|0|OCPLiability|OCPLiability|OCCAGGOCP||Risk|1|LIABILITY COVERAGE WITH RISK|1|OCPLIABILITYPRIMARY|1|Active||20.00|Active|Active|||1|MV||1531|  |3|2020|3|2021| |0||CONSTRUCTION OPERATIONS - CONTRACTOR (NOT RAILROADS) - EXCLUDING OPERATIONS ON BOARD SHIPS|99||
CPS0000885|20200321|20210321|20200321|20200217|6242|001|003|0001|12|10| |3|09|New Business|W04|016291|170|335|FL||GIN|I| |02/17/2020 06:24:28|02/17/2020 06:24:28|158651|81.000000000000000|16003|| |  |10|0| | |32789|0|0|001|001|610.400000|740.110000|9|0|2|Y|2900|170|999||0| | |New Business||001|001|0|OCPLiability||BALTOMINOCP||Line|2|LIABILITY COVERAGE WITHOUT RISK|4|NEW COVERAGE CODE FROM SOURCE|1|Active|Optional|20.00|||||1|MV||1531|  |3|2020|3|2021| |0||  |99||
CPS0000886|20200321|20210321|20200321|20200217|6242|001|003|0001|12|10| |3|13|New Business|V31|016292|170|335|IN||GIN|I| |02/17/2020 06:24:28|02/17/2020 06:24:28|158651|19.000000000000000|04072|| |  |10|0| | |06101|0|0|001|001|28.000000|28.000000|9|0|2|Y|25450|170|999||0| | |New Business|1.0|001|001|0|OCPLiability|OCPLiability|OCCAGGOCP||Risk|1|LIABILITY COVERAGE WITH RISK|1|OCPLIABILITYPRIMARY|1|Active||20.00|Active|Active|||1|MV||1542|  |3|2020|3|2021| |0||CONSTRUCTION OPERATIONS - OWNER (NOT RAILROADS) - EXCLUDING OPERATIONS ON BOARD SHIPS|99||
CPS0000886|20200321|20210321|20200321|20200217|6242|001|003|0001|12|10| |3|13|New Business|V31|017982|170|335|IN||GIN|I| |02/17/2020 06:24:28|02/17/2020 06:24:28|158651|19.000000000000000|04072|| |  |10|0| | |06101|0|0|002|002|52.000000|52.000000|9|0|2|Y|47500|170|999||0| | |New Business|2.0|002|002|0|OCPLiability|OCPLiability|OCCAGGOCP||Risk|1|LIABILITY COVERAGE WITH RISK|1|OCPLIABILITYPRIMARY|1|Active||20.00|Active|Active|||1|MV||1542|  |3|2020|3|2021| |0||CONSTRUCTION OPERATIONS - NOC|99||
CPS0000886|20200321|20210321|20200321|20200217|6242|001|003|0001|12|10| |3|13|New Business|V31|016291|170|335|IN||GIN|I| |02/17/2020 06:24:28|02/17/2020 06:24:28|158651|19.000000000000000|04072|| |  |10|0| | |06101|0|0|003|003|58.000000|58.000000|9|0|2|Y|53000|170|999||0| | |New Business|3.0|003|003|0|OCPLiability|OCPLiability|OCCAGGOCP||Risk|1|LIABILITY COVERAGE WITH RISK|1|OCPLIABILITYPRIMARY|1|Active||20.00|Active|Active|||1|MV||1542|  |3|2020|3|2021| |0||CONSTRUCTION OPERATIONS - CONTRACTOR (NOT RAILROADS) - EXCLUDING OPERATIONS ON BOARD SHIPS|99||
CPS0000886|20200321|20210321|20200321|20200217|6242|001|003|0001|12|10| |3|13|New Business|W04|016292|170|335|IN||GIN|I| |02/17/2020 06:24:28|02/17/2020 06:24:28|158651|19.000000000000000|04072|| |  |10|0| | |06101|0|0|001|001|612.000000|612.000000|9|0|2|Y|25450|170|999||0| | |New Business||001|001|0|OCPLiability||BALTOMINOCP||Line|2|LIABILITY COVERAGE WITHOUT RISK|4|NEW COVERAGE CODE FROM SOURCE|1|Active|Optional|20.00|||||1|MV||1542|  |3|2020|3|2021| |0||  |99||
CPS0000886|20200321|20210321|20200405|20200217|6242|001|003|0001|12|60| |3|13|Endorsement|V31|016292|170|335|IN||GIN|I| |02/17/2020 06:24:28|02/17/2020 06:24:28|158651|19.000000000000000|04072|| |  |10|0| | |06101|0|0|001|001|0.000000|0.000000|9|0|2|Y|25450|170|999||0| | |Endorsement|1.0|001|001|0|OCPLiability|OCPLiability|OCCAGGOCP||Risk|1|LIABILITY COVERAGE WITH RISK|1|OCPLIABILITYPRIMARY|2|Active||20.00|Active|Active|||1|MV||1542|  |3|2020|3|2021| |0||CONSTRUCTION OPERATIONS - OWNER (NOT RAILROADS) - EXCLUDING OPERATIONS ON BOARD SHIPS|99||
CPS0000886|20200321|20210321|20200405|20200217|6242|001|003|0001|12|60| |3|13|Endorsement|V31|017982|170|335|IN||GIN|I| |02/17/2020 06:24:28|02/17/2020 06:24:28|158651|19.000000000000000|04072|| |  |10|0| | |06101|0|0|002|002|0.000000|0.000000|9|0|2|Y|47500|170|999||0| | |Endorsement|2.0|002|002|0|OCPLiability|OCPLiability|OCCAGGOCP||Risk|1|LIABILITY COVERAGE WITH RISK|1|OCPLIABILITYPRIMARY|2|Deleted||20.00|Active|Deleted|-52.00|-50.00|1|MV||1542|  |3|2020|3|2021| |0||CONSTRUCTION OPERATIONS - NOC|99||
CPS0000886|20200321|20210321|20200405|20200217|6242|001|003|0001|12|60| |3|13|Endorsement|V31|016291|170|335|IN||GIN|I| |02/17/2020 06:24:28|02/17/2020 06:24:28|158651|19.000000000000000|04072|| |  |10|0| | |06101|0|0|003|003|0.000000|0.000000|9|0|2|Y|53000|170|999||0| | |Endorsement|3.0|003|003|0|OCPLiability|OCPLiability|OCCAGGOCP||Risk|1|LIABILITY COVERAGE WITH RISK|1|OCPLIABILITYPRIMARY|2|Active||20.00|Active|Active|||1|MV||1542|  |3|2020|3|2021| |0||CONSTRUCTION OPERATIONS - CONTRACTOR (NOT RAILROADS) - EXCLUDING OPERATIONS ON BOARD SHIPS|99||
CPS0000886|20200321|20210321|20200405|20200217|6242|001|003|0001|12|60| |3|13|Endorsement|W04|016292|170|335|IN||GIN|I| |02/17/2020 06:24:28|02/17/2020 06:24:28|158651|19.000000000000000|04072|| |  |10|0| | |06101|0|0|001|001|0.000000|0.000000|9|0|2|Y|25450|170|999||0| | |Endorsement||001|001|0|OCPLiability||BALTOMINOCP||Line|2|LIABILITY COVERAGE WITHOUT RISK|4|NEW COVERAGE CODE FROM SOURCE|2|Active|Optional|20.00|||52.00|50.00|1|MV||1542|  |3|2020|3|2021| |0||  |99||
CPS0000886|20200321|20210321|20200415|20200217|6242|001|003|0001|12|60| |3|13|Endorsement|V31|016292|170|335|IN||GIN|I| |02/17/2020 06:24:28|02/17/2020 06:24:28|158651|19.000000000000000|04072|| |  |10|0| | |06101|0|0|001|001|0.000000|0.000000|9|0|2|Y|25450|170|999||0| | |Endorsement|1.0|001|001|0|OCPLiability|OCPLiability|OCCAGGOCP||Risk|1|LIABILITY COVERAGE WITH RISK|1|OCPLIABILITYPRIMARY|3|Deleted||20.00|Active|Deleted|-28.00|-26.00|1|MV||1542|  |3|2020|3|2021| |0||CONSTRUCTION OPERATIONS - OWNER (NOT RAILROADS) - EXCLUDING OPERATIONS ON BOARD SHIPS|99||
CPS0000886|20200321|20210321|20200415|20200217|6242|001|003|0001|12|60| |3|13|Endorsement|V31|017982|170|335|IN||GIN|I| |02/17/2020 06:24:28|02/17/2020 06:24:28|158651|19.000000000000000|04072|| |  |10|0| | |06101|0|0|002|002|0.000000|0.000000|9|0|2|Y|47500|170|999||0| | |Endorsement|2.0|002|002|0|OCPLiability|OCPLiability|OCCAGGOCP||Risk|1|LIABILITY COVERAGE WITH RISK|1|OCPLIABILITYPRIMARY|3|Deleted||20.00|Active|Deleted|||1|MV||1542|  |3|2020|3|2021| |0||CONSTRUCTION OPERATIONS - NOC|99||
CPS0000886|20200321|20210321|20200415|20200217|6242|001|003|0001|12|60| |3|13|Endorsement|V31|016291|170|335|IN||GIN|I| |02/17/2020 06:24:28|02/17/2020 06:24:28|158651|19.000000000000000|04072|| |  |10|0| | |06101|0|0|003|003|0.000000|0.000000|9|0|2|Y|53000|170|999||0| | |Endorsement|3.0|003|003|0|OCPLiability|OCPLiability|OCCAGGOCP||Risk|1|LIABILITY COVERAGE WITH RISK|1|OCPLIABILITYPRIMARY|3|Active||20.00|Active|Active|||1|MV||1542|  |3|2020|3|2021| |0||CONSTRUCTION OPERATIONS - CONTRACTOR (NOT RAILROADS) - EXCLUDING OPERATIONS ON BOARD SHIPS|99||
CPS0000886|20200321|20210321|20200415|20200217|6242|001|003|0001|12|60| |3|13|Endorsement|W04|016291|170|335|IN||GIN|I| |02/17/2020 06:24:28|02/17/2020 06:24:28|158651|19.000000000000000|04072|| |  |10|0| | |06101|0|0|003|003|0.000000|0.000000|9|0|2|Y|53000|170|999||0| | |Endorsement||003|003|0|OCPLiability||BALTOMINOCP||Line|2|LIABILITY COVERAGE WITHOUT RISK|4|NEW COVERAGE CODE FROM SOURCE|3|Active|Optional|20.00|||28.00|26.00|1|MV||1542|  |3|2020|3|2021| |0||  |99||
CPS0000887|20200317|20210317|20200317|20200217|6242|001|003|0001|12|10| |3|13|New Business|V31|016292|170|335|IN||GIN|I| |02/17/2020 06:24:28|02/17/2020 06:24:28|158651|18.000000000000000|03002|| |  |10|0| | |46077|0|0|001|002|3.000000|3.000000|9|0|2|Y|5000|170|999||0| | |New Business|2.0|001|002|0|OCPLiability|OCPLiability|OCCAGGOCP||Risk|1|LIABILITY COVERAGE WITH RISK|1|OCPLIABILITYPRIMARY|1|Active||20.00|Active|Active|||2|MV||1531|  |3|2020|3|2021| |0||CONSTRUCTION OPERATIONS - OWNER (NOT RAILROADS) - EXCLUDING OPERATIONS ON BOARD SHIPS|99||
CPS0000887|20200317|20210317|20200317|20200217|6242|001|003|0001|12|10| |3|13|New Business|V31|016291|170|335|IN||GIN|I| |02/17/2020 06:24:28|02/17/2020 06:24:28|158651|18.000000000000000|03002|| |  |10|0| | |46077|0|0|001|001|2.000000|2.000000|9|0|2|Y|2500|170|999||0| | |New Business|1.0|001|001|0|OCPLiability|OCPLiability|OCCAGGOCP||Risk|1|LIABILITY COVERAGE WITH RISK|1|OCPLIABILITYPRIMARY|1|Active||20.00|Active|Active|||1|MV||1531|  |3|2020|3|2021| |0||CONSTRUCTION OPERATIONS - CONTRACTOR (NOT RAILROADS) - EXCLUDING OPERATIONS ON BOARD SHIPS|99||
CPS0000887|20200317|20210317|20200317|20200217|6242|001|003|0001|12|10| |3|13|New Business|W04|016291|170|335|IN||GIN|I| |02/17/2020 06:24:28|02/17/2020 06:24:28|158651|18.000000000000000|03002|| |  |10|0| | |46077|0|0|001|001|745.000000|745.000000|9|0|2|Y|2500|170|999||0| | |New Business||001|001|0|OCPLiability||BALTOMINOCP||Line|2|LIABILITY COVERAGE WITHOUT RISK|4|NEW COVERAGE CODE FROM SOURCE|1|Active|Optional|20.00|||||1|MV||1531|  |3|2020|3|2021| |0||  |99||
CPS0000887|20200317|20210317|20200513|20200217|6242|001|003|0001|12|40| |2|13|Cancellation|V31|016292|170|335|IN||GIN|I| |02/17/2020 06:24:28|02/17/2020 06:24:28|158651|18.000000000000000|03002|| |  |10|0| | |46077|0|0|001|002|0.000000|0.000000|9|0|2|Y|-5000|170|999||20200513|P| |Cancellation|2.0|001|002|0|OCPLiability|OCPLiability|OCCAGGOCP||Risk|1|LIABILITY COVERAGE WITH RISK|1|OCPLIABILITYPRIMARY|2|Active||20.00|Active|Active|||2|MV||1531|  |3|2020|3|2021| |0||CONSTRUCTION OPERATIONS - OWNER (NOT RAILROADS) - EXCLUDING OPERATIONS ON BOARD SHIPS|99||
CPS0000887|20200317|20210317|20200513|20200217|6242|001|003|0001|12|40| |2|13|Cancellation|V31|016291|170|335|IN||GIN|I| |02/17/2020 06:24:28|02/17/2020 06:24:28|158651|18.000000000000000|03002|| |  |10|0| | |46077|0|0|001|001|0.000000|0.000000|9|0|2|Y|-2500|170|999||20200513|P| |Cancellation|1.0|001|001|0|OCPLiability|OCPLiability|OCCAGGOCP||Risk|1|LIABILITY COVERAGE WITH RISK|1|OCPLIABILITYPRIMARY|2|Active||20.00|Active|Active|||1|MV||1531|  |3|2020|3|2021| |0||CONSTRUCTION OPERATIONS - CONTRACTOR (NOT RAILROADS) - EXCLUDING OPERATIONS ON BOARD SHIPS|99||
CPS0000887|20200317|20210317|20200513|20200217|6242|001|003|0001|12|40| |2|13|Cancellation|W04|016291|170|335|IN||GIN|I| |02/17/2020 06:24:28|02/17/2020 06:24:28|158651|18.000000000000000|03002|| |  |10|0| | |46077|0|0|001|001|0.000000|0.000000|9|0|2|Y|-2500|170|999||20200513|P| |Cancellation||001|001|0|OCPLiability||BALTOMINOCP||Line|2|LIABILITY COVERAGE WITHOUT RISK|4|NEW COVERAGE CODE FROM SOURCE|2|Active|Optional|20.00|||||1|MV||1531|  |3|2020|3|2021| |0||  |99||
CPS0000888|20200321|20210321|20200321|20200217|6242|001|003|0001|12|10| |3|14|New Business|V31|016291|170|335|IA||GIN|I| |02/17/2020 06:24:28|02/17/2020 06:24:28|158651|13.000000000000000|47001|| |  |10|0| | |50303|0|0|001|001|551.000000|551.000000|9|0|2|Y|745000|170|999||0| | |New Business|1.0|001|001|0|OCPLiability|OCPLiability|OCCAGGOCP||Risk|1|LIABILITY COVERAGE WITH RISK|1|OCPLIABILITYPRIMARY|1|Active||20.00|Active|Active|||1|MV||1542|  |3|2020|3|2021| |0||CONSTRUCTION OPERATIONS - CONTRACTOR (NOT RAILROADS) - EXCLUDING OPERATIONS ON BOARD SHIPS|99||
CPS0000888|20200321|20210321|20200321|20200217|6242|001|003|0001|12|10| |3|14|New Business|W04|016291|170|335|IA||GIN|I| |02/17/2020 06:24:28|02/17/2020 06:24:28|158651|13.000000000000000|47001|| |  |10|0| | |50303|0|0|001|001|199.000000|199.000000|9|0|2|Y|745000|170|999||0| | |New Business||001|001|0|OCPLiability||BALTOMINOCP||Line|2|LIABILITY COVERAGE WITHOUT RISK|4|NEW COVERAGE CODE FROM SOURCE|1|Active|Optional|20.00|||||1|MV||1542|  |3|2020|3|2021| |0||  |99||
CPS0000888|20200321|20210321|20200329|20200217|6242|001|003|0001|12|60| |3|14|Endorsement|V31|016291|170|335|IA||GIN|I| |02/17/2020 06:24:28|02/17/2020 06:24:28|158651|13.000000000000000|47001|| |  |10|0| | |50303|0|0|001|001|0.000000|0.000000|9|0|2|Y|745000|170|999||0| | |Endorsement|1.0|001|001|0|OCPLiability|OCPLiability|OCCAGGOCP||Risk|1|LIABILITY COVERAGE WITH RISK|1|OCPLIABILITYPRIMARY|2|Active||20.00|Active|Active|||1|MV||1542|  |3|2020|3|2021| |0||CONSTRUCTION OPERATIONS - CONTRACTOR (NOT RAILROADS) - EXCLUDING OPERATIONS ON BOARD SHIPS|99||
CPS0000888|20200321|20210321|20200329|20200217|6242|001|003|0001|12|60| |3|14|Endorsement|V31|017982|170|335|IA||GIN|I| |02/17/2020 06:24:28|02/17/2020 06:24:28|158651|13.000000000000000|47001|| |  |10|0| | |50303|0|0|001|002|0.000000|0.000000|9|0|2|Y|92100|170|999||0| | |Endorsement|2.0|001|002|0|OCPLiability|OCPLiability|OCCAGGOCP||Risk|1|LIABILITY COVERAGE WITH RISK|1|OCPLIABILITYPRIMARY|2|Active||20.00|Active|Active|68.00|67.00|2|MV||1542|  |3|2020|3|2021| |0||CONSTRUCTION OPERATIONS - NOC|99||
CPS0000888|20200321|20210321|20200329|20200217|6242|001|003|0001|12|60| |3|14|Endorsement|W04|016291|170|335|IA||GIN|I| |02/17/2020 06:24:28|02/17/2020 06:24:28|158651|13.000000000000000|47001|| |  |10|0| | |50303|0|0|001|001|0.000000|0.000000|9|0|2|Y|745000|170|999||0| | |Endorsement||001|001|0|OCPLiability||BALTOMINOCP||Line|2|LIABILITY COVERAGE WITHOUT RISK|4|NEW COVERAGE CODE FROM SOURCE|2|Active|Optional|20.00|||-68.00|-67.00|1|MV||1542|  |3|2020|3|2021| |0||  |99||
CPS0000888|20200321|20210321|20200406|20200217|6242|001|003|0001|12|60| |3|14|Endorsement|V31|016291|170|335|IA||GIN|I| |02/17/2020 06:24:28|02/17/2020 06:24:28|158651|13.000000000000000|47001|| |  |10|0| | |50303|0|0|001|001|0.000000|0.000000|9|0|2|Y|745000|170|999||0| | |Endorsement|1.0|001|001|0|OCPLiability|OCPLiability|OCCAGGOCP||Risk|1|LIABILITY COVERAGE WITH RISK|1|OCPLIABILITYPRIMARY|3|Active||20.00|Active|Active|||1|MV||1542|  |3|2020|3|2021| |0||CONSTRUCTION OPERATIONS - CONTRACTOR (NOT RAILROADS) - EXCLUDING OPERATIONS ON BOARD SHIPS|99||
CPS0000888|20200321|20210321|20200406|20200217|6242|001|003|0001|12|60| |3|14|Endorsement|V31|017982|170|335|IA||GIN|I| |02/17/2020 06:24:28|02/17/2020 06:24:28|158651|13.000000000000000|47001|| |  |10|0| | |50303|0|0|001|002|0.000000|0.000000|9|0|2|Y|92100|170|999||0| | |Endorsement|2.0|001|002|0|OCPLiability|OCPLiability|OCCAGGOCP||Risk|1|LIABILITY COVERAGE WITH RISK|1|OCPLIABILITYPRIMARY|3|Active||20.00|Active|Active|||2|MV||1542|  |3|2020|3|2021| |0||CONSTRUCTION OPERATIONS - NOC|99||
CPS0000888|20200321|20210321|20200406|20200217|6242|001|003|0001|12|60| |3|14|Endorsement|X26|049950|170|335|IA||GIN|I| |02/17/2020 06:24:28|02/17/2020 06:24:28|158651|13.000000000000000|47001|| |  |10|0| | |50303|0|0|001|001|0.000000|0.000000|9|0|2|Y|745000|170|999||0| | |Endorsement||001|001|0|OCPLiability||AICG2031OCP||Line|2|LIABILITY COVERAGE WITHOUT RISK|4|NEW COVERAGE CODE FROM SOURCE|3|Active|AI|20.00|||0.00|0.00|1|MV||1542|  |3|2020|3|2021| |0||  |99||
CPS0000888|20200321|20210321|20200406|20200217|6242|001|003|0001|12|60| |3|14|Endorsement|W04|016291|170|335|IA||GIN|I| |02/17/2020 06:24:28|02/17/2020 06:24:28|158651|13.000000000000000|47001|| |  |10|0| | |50303|0|0|001|001|0.000000|0.000000|9|0|2|Y|745000|170|999||0| | |Endorsement||001|001|0|OCPLiability||BALTOMINOCP||Line|2|LIABILITY COVERAGE WITHOUT RISK|4|NEW COVERAGE CODE FROM SOURCE|3|Active|Optional|20.00|||||1|MV||1542|  |3|2020|3|2021| |0||  |99||
CPS0000889|20200325|20210325|20200325|20200217|6242|001|003|0001|12|10| |3|06|New Business|V31|017982|170|335|CT||GIN|I| |02/17/2020 06:24:28|02/17/2020 06:24:28|158651|10.000000000000000|12015|| |  |10|0| | |06101|0|0|001|001|7.000000|7.000000|9|0|2|Y|6000|170|999||0| | |New Business|1.0|001|001|0|OCPLiability|OCPLiability|OCCAGGOCP||Risk|1|LIABILITY COVERAGE WITH RISK|1|OCPLIABILITYPRIMARY|1|Active||20.00|Active|Active|||1|MV||1542|  |3|2020|3|2021| |0||CONSTRUCTION OPERATIONS - NOC|99||
CPS0000889|20200325|20210325|20200325|20200217|6242|001|003|0001|12|10| |3|06|New Business|X26|049950|170|335|CT||GIN|I| |02/17/2020 06:24:28|02/17/2020 06:24:28|158651|10.000000000000000|12015|| |  |10|0| | |06101|0|0|001|001|0.000000|0.000000|9|0|2|Y|6000|170|999||0| | |New Business||001|001|0|OCPLiability||AICG2031OCP||Line|2|LIABILITY COVERAGE WITHOUT RISK|4|NEW COVERAGE CODE FROM SOURCE|1|Active|AI|20.00|||||1|MV||1542|  |3|2020|3|2021| |0||  |99||
CPS0000889|20200325|20210325|20200325|20200217|6242|001|003|0001|12|10| |3|06|New Business|W04|017982|170|335|CT||GIN|I| |02/17/2020 06:24:28|02/17/2020 06:24:28|158651|10.000000000000000|12015|| |  |10|0| | |06101|0|0|001|001|743.000000|743.000000|9|0|2|Y|6000|170|999||0| | |New Business||001|001|0|OCPLiability||BALTOMINOCP||Line|2|LIABILITY COVERAGE WITHOUT RISK|4|NEW COVERAGE CODE FROM SOURCE|1|Active|Optional|20.00|||||1|MV||1542|  |3|2020|3|2021| |0||  |99||
CPS0000889|20200325|20210325|20200325|20200217|6242|001|003|0001|12|35| |2|06|Cancellation|V31|017982|170|335|CT||GIN|I| |02/17/2020 06:24:28|02/17/2020 06:24:28|158651|10.000000000000000|12015|| |  |10|0| | |06101|0|0|001|001|-7.000000|0.000000|9|0|2|Y|-6000|170|999||20200325|P| |Cancellation|1.0|001|001|0|OCPLiability|OCPLiability|OCCAGGOCP||Risk|1|LIABILITY COVERAGE WITH RISK|1|OCPLIABILITYPRIMARY|2|Active||20.00|Active|Active|||1|MV||1542|  |3|2020|3|2021| |0||CONSTRUCTION OPERATIONS - NOC|99||
CPS0000889|20200325|20210325|20200325|20200217|6242|001|003|0001|12|35| |2|06|Cancellation|X26|049950|170|335|CT||GIN|I| |02/17/2020 06:24:28|02/17/2020 06:24:28|158651|10.000000000000000|12015|| |  |10|0| | |06101|0|0|001|001|0.000000|0.000000|9|0|2|Y|-6000|170|999||20200325|P| |Cancellation||001|001|0|OCPLiability||AICG2031OCP||Line|2|LIABILITY COVERAGE WITHOUT RISK|4|NEW COVERAGE CODE FROM SOURCE|2|Active|AI|20.00|||||1|MV||1542|  |3|2020|3|2021| |0||  |99||
CPS0000889|20200325|20210325|20200325|20200217|6242|001|003|0001|12|35| |2|06|Cancellation|W04|017982|170|335|CT||GIN|I| |02/17/2020 06:24:28|02/17/2020 06:24:28|158651|10.000000000000000|12015|| |  |10|0| | |06101|0|0|001|001|-743.000000|0.000000|9|0|2|Y|-6000|170|999||20200325|P| |Cancellation||001|001|0|OCPLiability||BALTOMINOCP||Line|2|LIABILITY COVERAGE WITHOUT RISK|4|NEW COVERAGE CODE FROM SOURCE|2|Active|Optional|20.00|||||1|MV||1542|  |3|2020|3|2021| |0||  |99||